Character,Lv,Rarity,Element,Weapon,Main role,Ascension,Base HP,Base ATK,Base DEF
Amber,1,4,Pyro,Bow,Sub DPS,ATK,793,19,50
Amber,20,4,Pyro,Bow,Sub DPS,ATK,2630,62,167
Amber,40,4,Pyro,Bow,Sub DPS,ATK,4361,103,277
Amber,50,4,Pyro,Bow,Sub DPS,ATK,5578,131,354
Amber,60,4,Pyro,Bow,Sub DPS,ATK,6654,157,422
Amber,70,4,Pyro,Bow,Sub DPS,ATK,7730,182,491
Amber,80,4,Pyro,Bow,Sub DPS,ATK,8806,208,559
Amber,90,4,Pyro,Bow,Sub DPS,ATK,9461,223,601
Barbara,1,4,Hydro,Catalyst,Healer,HP,821,13,56
Barbara,20,4,Hydro,Catalyst,Healer,HP,2721,44,186
Barbara,40,4,Hydro,Catalyst,Healer,HP,4512,73,308
Barbara,50,4,Hydro,Catalyst,Healer,HP,5770,94,394
Barbara,60,4,Hydro,Catalyst,Healer,HP,6884,112,470
Barbara,70,4,Hydro,Catalyst,Healer,HP,7996,130,546
Barbara,80,4,Hydro,Catalyst,Healer,HP,9110,148,623
Barbara,90,4,Hydro,Catalyst,Healer,HP,9787,159,669
Beidou,1,4,Electro,Claymore,Sub DPS,Electro DMG,1094,19,54
Beidou,20,4,Electro,Claymore,Sub DPS,Electro DMG,3628,63,180
Beidou,40,4,Electro,Claymore,Sub DPS,Electro DMG,6015,104,299
Beidou,50,4,Electro,Claymore,Sub DPS,Electro DMG,7694,133,382
Beidou,60,4,Electro,Claymore,Sub DPS,Electro DMG,9178,158,456
Beidou,70,4,Electro,Claymore,Sub DPS,Electro DMG,10662,184,530
Beidou,80,4,Electro,Claymore,Sub DPS,Electro DMG,12146,210,603
Beidou,90,4,Electro,Claymore,Sub DPS,Electro DMG,13050,225,648
Bennett,1,4,Pyro,Sword,Healer,Energy Recharge,1039,16,65
Bennett,20,4,Pyro,Sword,Healer,Energy Recharge,3447,53,214
Bennett,40,4,Pyro,Sword,Healer,Energy Recharge,5715,88,356
Bennett,50,4,Pyro,Sword,Healer,Energy Recharge,7309,113,455
Bennett,60,4,Pyro,Sword,Healer,Energy Recharge,8719,134,542
Bennett,70,4,Pyro,Sword,Healer,Energy Recharge,10129,156,630
Bennett,80,4,Pyro,Sword,Healer,Energy Recharge,11539,178,718
Bennett,90,4,Pyro,Sword,Healer,Energy Recharge,12397,191,771
Chongyun,1,4,Cryo,Claymore,Sub DPS,ATK,921,19,54
Chongyun,20,4,Cryo,Claymore,Sub DPS,ATK,3054,62,180
Chongyun,40,4,Cryo,Claymore,Sub DPS,ATK,5063,103,299
Chongyun,50,4,Cryo,Claymore,Sub DPS,ATK,6475,131,382
Chongyun,60,4,Cryo,Claymore,Sub DPS,ATK,7725,157,456
Chongyun,70,4,Cryo,Claymore,Sub DPS,ATK,8974,182,530
Chongyun,80,4,Cryo,Claymore,Sub DPS,ATK,10223,208,603
Chongyun,90,4,Cryo,Claymore,Sub DPS,ATK,10984,223,648
Diluc,1,5,Pyro,Claymore,DPS,CRIT Rate,1011,26,61
Diluc,20,5,Pyro,Claymore,DPS,CRIT Rate,3488,90,211
Diluc,40,5,Pyro,Claymore,DPS,CRIT Rate,5834,151,352
Diluc,50,5,Pyro,Claymore,DPS,CRIT Rate,7533,194,455
Diluc,60,5,Pyro,Claymore,DPS,CRIT Rate,9036,233,546
Diluc,70,5,Pyro,Claymore,DPS,CRIT Rate,10547,272,637
Diluc,80,5,Pyro,Claymore,DPS,CRIT Rate,12068,311,729
Diluc,90,5,Pyro,Claymore,DPS,CRIT Rate,12981,335,784
Fischl,1,4,Electro,Bow,Sub DPS,ATK,770,20,50
Fischl,20,4,Electro,Bow,Sub DPS,ATK,2555,68,165
Fischl,40,4,Electro,Bow,Sub DPS,ATK,4236,113,274
Fischl,50,4,Electro,Bow,Sub DPS,ATK,5418,144,350
Fischl,60,4,Electro,Bow,Sub DPS,ATK,6463,172,418
Fischl,70,4,Electro,Bow,Sub DPS,ATK,7508,200,485
Fischl,80,4,Electro,Bow,Sub DPS,ATK,8553,227,553
Fischl,90,4,Electro,Bow,Sub DPS,ATK,9189,244,594
Jean,1,5,Anemo,Sword,Healer,Healing Bonus,1144,19,60
Jean,20,5,Anemo,Sword,Healer,Healing Bonus,3948,64,206
Jean,40,5,Anemo,Sword,Healer,Healing Bonus,6605,108,345
Jean,50,5,Anemo,Sword,Healer,Healing Bonus,8528,139,446
Jean,60,5,Anemo,Sword,Healer,Healing Bonus,10230,166,535
Jean,70,5,Anemo,Sword,Healer,Healing Bonus,11940,194,624
Jean,80,5,Anemo,Sword,Healer,Healing Bonus,13662,222,715
Jean,90,5,Anemo,Sword,Healer,Healing Bonus,14695,239,769
Kaeya,1,4,Cryo,Sword,Support,Energy Recharge,976,19,66
Kaeya,20,4,Cryo,Sword,Support,Energy Recharge,3235,62,220
Kaeya,40,4,Cryo,Sword,Support,Energy Recharge,5364,103,365
Kaeya,50,4,Cryo,Sword,Support,Energy Recharge,6860,131,467
Kaeya,60,4,Cryo,Sword,Support,Energy Recharge,8184,157,557
Kaeya,70,4,Cryo,Sword,Support,Energy Recharge,9507,182,647
Kaeya,80,4,Cryo,Sword,Support,Energy Recharge,10830,208,737
Kaeya,90,4,Cryo,Sword,Support,Energy Recharge,11636,223,792
Keqing,1,5,Electro,Sword,DPS,CRIT DMG,1020,25,62
Keqing,20,5,Electro,Sword,DPS,CRIT DMG,3521,87,215
Keqing,40,5,Electro,Sword,DPS,CRIT DMG,5889,145,359
Keqing,50,5,Electro,Sword,DPS,CRIT DMG,7604,187,464
Keqing,60,5,Electro,Sword,DPS,CRIT DMG,9121,225,556
Keqing,70,5,Electro,Sword,DPS,CRIT DMG,10647,262,649
Keqing,80,5,Electro,Sword,DPS,CRIT DMG,12182,300,743
Keqing,90,5,Electro,Sword,DPS,CRIT DMG,13103,323,799
Klee,1,5,Pyro,Catalyst,DPS,Pyro DMG,801,24,48
Klee,20,5,Pyro,Catalyst,DPS,Pyro DMG,2764,84,165
Klee,40,5,Pyro,Catalyst,DPS,Pyro DMG,4623,140,276
Klee,50,5,Pyro,Catalyst,DPS,Pyro DMG,5970,180,357
Klee,60,5,Pyro,Catalyst,DPS,Pyro DMG,7161,216,428
Klee,70,5,Pyro,Catalyst,DPS,Pyro DMG,8358,253,500
Klee,80,5,Pyro,Catalyst,DPS,Pyro DMG,9563,289,572
Klee,90,5,Pyro,Catalyst,DPS,Pyro DMG,10287,311,615
Lisa,1,4,Electro,Catalyst,Support,Elemental Mastery,802,19,48
Lisa,20,4,Electro,Catalyst,Support,Elemental Mastery,2661,64,159
Lisa,40,4,Electro,Catalyst,Support,Elemental Mastery,4411,107,264
Lisa,50,4,Electro,Catalyst,Support,Elemental Mastery,5642,136,338
Lisa,60,4,Electro,Catalyst,Support,Elemental Mastery,6731,163,403
Lisa,70,4,Electro,Catalyst,Support,Elemental Mastery,7818,189,468
Lisa,80,4,Electro,Catalyst,Support,Elemental Mastery,8907,215,534
Lisa,90,4,Electro,Catalyst,Support,Elemental Mastery,9570,232,573
Mona,1,5,Hydro,Catalyst,Support,Energy Recharge,810,22,51
Mona,20,5,Hydro,Catalyst,Support,Energy Recharge,2797,77,176
Mona,40,5,Hydro,Catalyst,Support,Energy Recharge,4678,129,294
Mona,50,5,Hydro,Catalyst,Support,Energy Recharge,6041,167,379
Mona,60,5,Hydro,Catalyst,Support,Energy Recharge,7246,200,455
Mona,70,5,Hydro,Catalyst,Support,Energy Recharge,8458,233,531
Mona,80,5,Hydro,Catalyst,Support,Energy Recharge,9677,267,607
Mona,90,5,Hydro,Catalyst,Support,Energy Recharge,10409,287,653
Ningguang,1,4,Geo,Catalyst,DPS,Geo DMG,821,18,48
Ningguang,20,4,Geo,Catalyst,DPS,Geo DMG,2721,59,159
Ningguang,40,4,Geo,Catalyst,DPS,Geo DMG,4512,98,264
Ningguang,50,4,Geo,Catalyst,DPS,Geo DMG,5770,125,338
Ningguang,60,4,Geo,Catalyst,DPS,Geo DMG,6884,149,403
Ningguang,70,4,Geo,Catalyst,DPS,Geo DMG,7996,174,468
Ningguang,80,4,Geo,Catalyst,DPS,Geo DMG,9110,198,534
Ningguang,90,4,Geo,Catalyst,DPS,Geo DMG,9787,212,573
Noelle,1,4,Geo,Claymore,Support,DEF,1012,16,67
Noelle,20,4,Geo,Claymore,Support,DEF,3356,53,222
Noelle,40,4,Geo,Claymore,Support,DEF,5564,88,368
Noelle,50,4,Geo,Claymore,Support,DEF,7117,113,471
Noelle,60,4,Geo,Claymore,Support,DEF,8490,134,562
Noelle,70,4,Geo,Claymore,Support,DEF,9862,156,652
Noelle,80,4,Geo,Claymore,Support,DEF,11235,178,743
Noelle,90,4,Geo,Claymore,Support,DEF,12071,191,799
Qiqi,1,5,Cryo,Sword,Healer,Healing Bonus,963,22,72
Qiqi,20,5,Cryo,Sword,Healer,Healing Bonus,3323,77,248
Qiqi,40,5,Cryo,Sword,Healer,Healing Bonus,5559,129,415
Qiqi,50,5,Cryo,Sword,Healer,Healing Bonus,7178,167,535
Qiqi,60,5,Cryo,Sword,Healer,Healing Bonus,8610,200,642
Qiqi,70,5,Cryo,Sword,Healer,Healing Bonus,10050,233,749
Qiqi,80,5,Cryo,Sword,Healer,Healing Bonus,11499,267,857
Qiqi,90,5,Cryo,Sword,Healer,Healing Bonus,12368,287,922
Razor,1,4,Electro,Claymore,DPS,Physical DMG,1003,20,63
Razor,20,4,Electro,Claymore,DPS,Physical DMG,3326,65,209
Razor,40,4,Electro,Claymore,DPS,Physical DMG,5514,108,346
Razor,50,4,Electro,Claymore,DPS,Physical DMG,7052,138,443
Razor,60,4,Electro,Claymore,DPS,Physical DMG,8413,164,528
Razor,70,4,Electro,Claymore,DPS,Physical DMG,9773,191,613
Razor,80,4,Electro,Claymore,DPS,Physical DMG,11134,217,699
Razor,90,4,Electro,Claymore,DPS,Physical DMG,11962,234,751
Sucrose,1,4,Anemo,Catalyst,Support,Anemo DMG,775,14,59
Sucrose,20,4,Anemo,Catalyst,Support,Anemo DMG,2570,47,195
Sucrose,40,4,Anemo,Catalyst,Support,Anemo DMG,4261,78,324
Sucrose,50,4,Anemo,Catalyst,Support,Anemo DMG,5450,100,414
Sucrose,60,4,Anemo,Catalyst,Support,Anemo DMG,6501,120,494
Sucrose,70,4,Anemo,Catalyst,Support,Anemo DMG,7552,139,574
Sucrose,80,4,Anemo,Catalyst,Support,Anemo DMG,8604,158,654
Sucrose,90,4,Anemo,Catalyst,Support,Anemo DMG,9244,170,703
Venti,1,5,Anemo,Bow,Support,Energy Recharge,820,20,52
Venti,20,5,Anemo,Bow,Support,Energy Recharge,2830,71,180
Venti,40,5,Anemo,Bow,Support,Energy Recharge,4734,118,301
Venti,50,5,Anemo,Bow,Support,Energy Recharge,6112,153,388
Venti,60,5,Anemo,Bow,Support,Energy Recharge,7331,183,465
Venti,70,5,Anemo,Bow,Support,Energy Recharge,8557,214,543
Venti,80,5,Anemo,Bow,Support,Energy Recharge,9791,245,622
Venti,90,5,Anemo,Bow,Support,Energy Recharge,10531,263,669
Xiangling,1,4,Pyro,Polearm,Sub DPS,Elemental Mastery,912,19,56
Xiangling,20,4,Pyro,Polearm,Sub DPS,Elemental Mastery,3024,63,186
Xiangling,40,4,Pyro,Polearm,Sub DPS,Elemental Mastery,5013,104,308
Xiangling,50,4,Pyro,Polearm,Sub DPS,Elemental Mastery,6411,133,394
Xiangling,60,4,Pyro,Polearm,Sub DPS,Elemental Mastery,7648,158,470
Xiangling,70,4,Pyro,Polearm,Sub DPS,Elemental Mastery,8885,184,546
Xiangling,80,4,Pyro,Polearm,Sub DPS,Elemental Mastery,10122,210,623
Xiangling,90,4,Pyro,Polearm,Sub DPS,Elemental Mastery,10875,225,669
Xiao,1,5,Anemo,Polearm,DPS,CRIT Rate,991,27,62
Xiao,20,5,Anemo,Polearm,DPS,CRIT Rate,3422,94,215
Xiao,40,5,Anemo,Polearm,DPS,CRIT Rate,5724,157,359
Xiao,50,5,Anemo,Polearm,DPS,CRIT Rate,7391,203,464
Xiao,60,5,Anemo,Polearm,DPS,CRIT Rate,8866,243,556
Xiao,70,5,Anemo,Polearm,DPS,CRIT Rate,10348,284,649
Xiao,80,5,Anemo,Polearm,DPS,CRIT Rate,11840,325,743
Xiao,90,5,Anemo,Polearm,DPS,CRIT Rate,12736,349,799
Xingqiu,1,4,Hydro,Sword,Sub DPS,ATK,857,17,64
Xingqiu,20,4,Hydro,Sword,Sub DPS,ATK,2842,56,211
Xingqiu,40,4,Hydro,Sword,Sub DPS,ATK,4712,93,349
Xingqiu,50,4,Hydro,Sword,Sub DPS,ATK,6027,119,447
Xingqiu,60,4,Hydro,Sword,Sub DPS,ATK,7190,142,533
Xingqiu,70,4,Hydro,Sword,Sub DPS,ATK,8352,165,619
Xingqiu,80,4,Hydro,Sword,Sub DPS,ATK,9514,188,705
Xingqiu,90,4,Hydro,Sword,Sub DPS,ATK,10222,202,758
Tartaglia,1,5,Hydro,Bow,DPS,Hydro DMG,1020,23,63
Tartaglia,20,5,Hydro,Bow,DPS,Hydro DMG,3521,81,219
Tartaglia,40,5,Hydro,Bow,DPS,Hydro DMG,5889,135,366
Tartaglia,50,5,Hydro,Bow,DPS,Hydro DMG,7604,175,473
Tartaglia,60,5,Hydro,Bow,DPS,Hydro DMG,9121,210,567
Tartaglia,70,5,Hydro,Bow,DPS,Hydro DMG,10647,245,662
Tartaglia,80,5,Hydro,Bow,DPS,Hydro DMG,12182,280,757
Tartaglia,90,5,Hydro,Bow,DPS,Hydro DMG,13103,301,815
Zhongli,1,5,Geo,Polearm,Support,Geo DMG,1144,20,57
Zhongli,20,5,Geo,Polearm,Support,Geo DMG,3948,67,198
Zhongli,40,5,Geo,Polearm,Support,Geo DMG,6605,113,332
Zhongli,50,5,Geo,Polearm,Support,Geo DMG,8528,146,428
Zhongli,60,5,Geo,Polearm,Support,Geo DMG,10230,175,514
Zhongli,70,5,Geo,Polearm,Support,Geo DMG,11940,204,599
Zhongli,80,5,Geo,Polearm,Support,Geo DMG,13662,233,686
Zhongli,90,5,Geo,Polearm,Support,Geo DMG,14695,251,738
Diona,1,4,Cryo,Bow,Support,Cryo DMG,802,18,50
Diona,20,4,Cryo,Bow,Support,Cryo DMG,2661,59,167
Diona,40,4,Cryo,Bow,Support,Cryo DMG,4411,98,277
Diona,50,4,Cryo,Bow,Support,Cryo DMG,5642,125,354
Diona,60,4,Cryo,Bow,Support,Cryo DMG,6731,149,422
Diona,70,4,Cryo,Bow,Support,Cryo DMG,7818,174,491
Diona,80,4,Cryo,Bow,Support,Cryo DMG,8907,198,559
Diona,90,4,Cryo,Bow,Support,Cryo DMG,9570,212,601
Xinyan,1,4,Pyro,Claymore,Support,ATK,939,21,67
Xinyan,20,4,Pyro,Claymore,Support,ATK,3114,69,222
Xinyan,40,4,Pyro,Claymore,Support,ATK,5163,115,368
Xinyan,50,4,Pyro,Claymore,Support,ATK,6604,147,471
Xinyan,60,4,Pyro,Claymore,Support,ATK,7878,175,562
Xinyan,70,4,Pyro,Claymore,Support,ATK,9151,203,652
Xinyan,80,4,Pyro,Claymore,Support,ATK,10425,231,743
Xinyan,90,4,Pyro,Claymore,Support,ATK,11201,249,799
Ganyu,1,5,Cryo,Bow,DPS,CRIT DMG,763,26,49
Ganyu,20,5,Cryo,Bow,DPS,CRIT DMG,2632,90,169
Ganyu,40,5,Cryo,Bow,DPS,CRIT DMG,4403,151,283
Ganyu,50,5,Cryo,Bow,DPS,CRIT DMG,5686,194,366
Ganyu,60,5,Cryo,Bow,DPS,CRIT DMG,6820,233,439
Ganyu,70,5,Cryo,Bow,DPS,CRIT DMG,7960,272,512
Ganyu,80,5,Cryo,Bow,DPS,CRIT DMG,9108,311,586
Ganyu,90,5,Cryo,Bow,DPS,CRIT DMG,9797,335,630
Albedo,1,5,Geo,Sword,Support,Geo DMG,1030,20,68
Albedo,20,5,Geo,Sword,Support,Geo DMG,3554,67,235
Albedo,40,5,Geo,Sword,Support,Geo DMG,5944,113,394
Albedo,50,5,Geo,Sword,Support,Geo DMG,7675,146,508
Albedo,60,5,Geo,Sword,Support,Geo DMG,9207,175,610
Albedo,70,5,Geo,Sword,Support,Geo DMG,10746,204,712
Albedo,80,5,Geo,Sword,Support,Geo DMG,12296,233,815
Albedo,90,5,Geo,Sword,Support,Geo DMG,13226,251,876
Rosaria,1,4,Cryo,Polearm,DPS,ATK,1030,20,60
Rosaria,20,4,Cryo,Polearm,DPS,ATK,3417,67,197
Rosaria,40,4,Cryo,Polearm,DPS,ATK,5665,111,327
Rosaria,50,4,Cryo,Polearm,DPS,ATK,7245,141,418
Rosaria,60,4,Cryo,Polearm,DPS,ATK,8643,169,499
Rosaria,70,4,Cryo,Polearm,DPS,ATK,10040,196,580
Rosaria,80,4,Cryo,Polearm,DPS,ATK,11438,223,661
Rosaria,90,4,Cryo,Polearm,DPS,ATK,12289,240,710
Ayaka,1,5,Cryo,Sword,DPS,CRIT DMG,1001,27,61
Ayaka,20,5,Cryo,Sword,DPS,CRIT DMG,3455,92,211
Ayaka,40,5,Cryo,Sword,DPS,CRIT DMG,5779,154,352
Ayaka,50,5,Cryo,Sword,DPS,CRIT DMG,7462,198,455
Ayaka,60,5,Cryo,Sword,DPS,CRIT DMG,8951,238,546
Ayaka,70,5,Cryo,Sword,DPS,CRIT DMG,10448,278,637
Ayaka,80,5,Cryo,Sword,DPS,CRIT DMG,11954,318,729
Ayaka,90,5,Cryo,Sword,DPS,CRIT DMG,12858,342,784
Hu Tao,1,5,Pyro,Polearm,DPS,CRIT DMG,1211,8,68
Hu Tao,20,5,Pyro,Polearm,DPS,CRIT DMG,4179,29,235
Hu Tao,40,5,Pyro,Polearm,DPS,CRIT DMG,6990,48,394
Hu Tao,50,5,Pyro,Polearm,DPS,CRIT DMG,9026,62,508
Hu Tao,60,5,Pyro,Polearm,DPS,CRIT DMG,10826,74,610
Hu Tao,70,5,Pyro,Polearm,DPS,CRIT DMG,12637,86,712
Hu Tao,80,5,Pyro,Polearm,DPS,CRIT DMG,14459,99,815
Hu Tao,90,5,Pyro,Polearm,DPS,CRIT DMG,15552,106,876
Yanfei,1,4,Pyro,Catalyst,DPS,Pyro DMG,784,20,49
Yanfei,20,4,Pyro,Catalyst,DPS,Pyro DMG,2600,67,163
Yanfei,40,4,Pyro,Catalyst,DPS,Pyro DMG,4311,111,271
Yanfei,50,4,Pyro,Catalyst,DPS,Pyro DMG,5514,141,346
Yanfei,60,4,Pyro,Catalyst,DPS,Pyro DMG,6578,169,413
Yanfei,70,4,Pyro,Catalyst,DPS,Pyro DMG,7641,196,480
Yanfei,80,4,Pyro,Catalyst,DPS,Pyro DMG,8705,223,546
Yanfei,90,4,Pyro,Catalyst,DPS,Pyro DMG,9352,240,587
Eula,1,5,Cryo,Claymore,DPS,CRIT DMG,1030,27,58
Eula,20,5,Cryo,Claymore,DPS,CRIT DMG,3554,92,202
Eula,40,5,Cryo,Claymore,DPS,CRIT DMG,5944,154,337
Eula,50,5,Cryo,Claymore,DPS,CRIT DMG,7675,198,436
Eula,60,5,Cryo,Claymore,DPS,CRIT DMG,9207,238,523
Eula,70,5,Cryo,Claymore,DPS,CRIT DMG,10746,278,610
Eula,80,5,Cryo,Claymore,DPS,CRIT DMG,12296,318,698
Eula,90,5,Cryo,Claymore,DPS,CRIT DMG,13226,342,751
Kazuha,1,5,Anemo,Sword,Support,Elemental Mastery,1039,23,63
Kazuha,20,5,Anemo,Sword,Support,Elemental Mastery,3586,80,217
Kazuha,40,5,Anemo,Sword,Support,Elemental Mastery,5999,133,363
Kazuha,50,5,Anemo,Sword,Support,Elemental Mastery,7747,172,468
Kazuha,60,5,Anemo,Sword,Support,Elemental Mastery,9292,206,562
Kazuha,70,5,Anemo,Sword,Support,Elemental Mastery,10846,241,656
Kazuha,80,5,Anemo,Sword,Support,Elemental Mastery,12410,276,750
Kazuha,90,5,Anemo,Sword,Support,Elemental Mastery,13348,297,807
Yoimiya,1,5,Pyro,Bow,DPS,CRIT Rate,791,25,48
Yoimiya,20,5,Pyro,Bow,DPS,CRIT Rate,2731,87,165
Yoimiya,40,5,Pyro,Bow,DPS,CRIT Rate,4568,145,276
Yoimiya,50,5,Pyro,Bow,DPS,CRIT Rate,5899,187,357
Yoimiya,60,5,Pyro,Bow,DPS,CRIT Rate,7075,225,428
Yoimiya,70,5,Pyro,Bow,DPS,CRIT Rate,8259,262,500
Yoimiya,80,5,Pyro,Bow,DPS,CRIT Rate,9450,300,572
Yoimiya,90,5,Pyro,Bow,DPS,CRIT Rate,10164,323,615
Sayu,1,4,Anemo,Claymore,Healer,Elemental Mastery,994,20,62
Sayu,20,4,Anemo,Claymore,Healer,Elemental Mastery,3296,68,207
Sayu,40,4,Anemo,Claymore,Healer,Elemental Mastery,5464,113,343
Sayu,50,4,Anemo,Claymore,Healer,Elemental Mastery,6988,144,439
Sayu,60,4,Anemo,Claymore,Healer,Elemental Mastery,8337,172,524
Sayu,70,4,Anemo,Claymore,Healer,Elemental Mastery,9684,200,608
Sayu,80,4,Anemo,Claymore,Healer,Elemental Mastery,11033,227,693
Sayu,90,4,Anemo,Claymore,Healer,Elemental Mastery,11854,244,745
Traveler,1,5,All,Sword,Support,ATK,912,18,57
Traveler,20,5,All,Sword,Support,ATK,3024,59,190
Traveler,40,5,All,Sword,Support,ATK,5013,98,315
Traveler,50,5,All,Sword,Support,ATK,6411,125,402
Traveler,60,5,All,Sword,Support,ATK,7648,149,480
Traveler,70,5,All,Sword,Support,ATK,8885,174,558
Traveler,80,5,All,Sword,Support,ATK,10122,198,635
Traveler,90,5,All,Sword,Support,ATK,10875,212,683
Raiden Shogun,1,5,Electro,Polearm,Sub DPS,Energy Recharge,1005,26,61
Raiden Shogun,20,5,Electro,Polearm,Sub DPS,Energy Recharge,3468,91,212
Raiden Shogun,40,5,Electro,Polearm,Sub DPS,Energy Recharge,5801,152,355
Raiden Shogun,50,5,Electro,Polearm,Sub DPS,Energy Recharge,7491,196,458
Raiden Shogun,60,5,Electro,Polearm,Sub DPS,Energy Recharge,8985,235,549
Raiden Shogun,70,5,Electro,Polearm,Sub DPS,Energy Recharge,10487,274,641
Raiden Shogun,80,5,Electro,Polearm,Sub DPS,Energy Recharge,12000,314,734
Raiden Shogun,90,5,Electro,Polearm,Sub DPS,Energy Recharge,12907,337,789
Aloy,1,5,Cryo,Bow,DPS,Cryo DMG,848,18,53
Aloy,20,5,Cryo,Bow,DPS,Cryo DMG,2928,63,182
Aloy,40,5,Cryo,Bow,DPS,Cryo DMG,4899,105,304
Aloy,50,5,Cryo,Bow,DPS,Cryo DMG,6325,136,393
Aloy,60,5,Cryo,Bow,DPS,Cryo DMG,7587,163,471
Aloy,70,5,Cryo,Bow,DPS,Cryo DMG,8856,190,550
Aloy,80,5,Cryo,Bow,DPS,Cryo DMG,10133,217,629
Aloy,90,5,Cryo,Bow,DPS,Cryo DMG,10899,234,676
Sara,1,4,Electro,Bow,Support,ATK,802,16,53
Sara,20,4,Electro,Bow,Support,ATK,2661,54,175
Sara,40,4,Electro,Bow,Support,ATK,4411,90,289
Sara,50,4,Electro,Bow,Support,ATK,5642,115,370
Sara,60,4,Electro,Bow,Support,ATK,6731,137,442
Sara,70,4,Electro,Bow,Support,ATK,7818,160,513
Sara,80,4,Electro,Bow,Support,ATK,8907,182,584
Sara,90,4,Electro,Bow,Support,ATK,9570,195,628
Kokomi,1,5,Hydro,Catalyst,Healer,Hydro DMG,1049,18,51
Kokomi,20,5,Hydro,Catalyst,Healer,Hydro DMG,3619,63,177
Kokomi,40,5,Hydro,Catalyst,Healer,Hydro DMG,6055,105,295
Kokomi,50,5,Hydro,Catalyst,Healer,Hydro DMG,7818,136,381
Kokomi,60,5,Hydro,Catalyst,Healer,Hydro DMG,9377,163,457
Kokomi,70,5,Hydro,Catalyst,Healer,Hydro DMG,10945,190,534
Kokomi,80,5,Hydro,Catalyst,Healer,Hydro DMG,12524,218,611
Kokomi,90,5,Hydro,Catalyst,Healer,Hydro DMG,13471,234,657
Yaoyao,1,4,Dendro,Polearm,Healer,HP,1030,17.81,62.95
Yaoyao,20,4,Dendro,Polearm,Healer,HP,2647,45.75,161.71
Yaoyao,40,4,Dendro,Polearm,Healer,HP,5118,88.45,312.66
Yaoyao,50,4,Dendro,Polearm,Healer,HP,6516,112.62,398.07
Yaoyao,60,4,Dendro,Polearm,Healer,HP,8096,139.93,494.62
Yaoyao,70,4,Dendro,Polearm,Healer,HP,9493,164.07,579.96
Yaoyao,80,4,Dendro,Polearm,Healer,HP,10891,197.69,665.37
Yaoyao,90,4,Dendro,Polearm,Healer,HP,12289,212.4,750.77
Alhaitham,1,5,Dendro,Sword,DPS,Dendro DMG Bonus,1039,24.39,60.85
Alhaitham,20,5,Dendro,Sword,DPS,Dendro DMG Bonus,2695,63.27,157.84
Alhaitham,40,5,Dendro,Sword,DPS,Dendro DMG Bonus,5366,125.97,314.24
Alhaitham,50,5,Dendro,Sword,DPS,Dendro DMG Bonus,6902,162.03,453.61
Alhaitham,60,5,Dendro,Sword,DPS,Dendro DMG Bonus,8659,203.25,507.04
Alhaitham,70,5,Dendro,Sword,DPS,Dendro DMG Bonus,10213,239.72,598.02
Alhaitham,80,5,Dendro,Sword,DPS,Dendro DMG Bonus,11777,276.44,689.61
Alhaitham,90,5,Dendro,Sword,DPS,Dendro DMG Bonus,13348,313.32,781.62
Collei,1,4,Dendro,Bow,Support,ATK,821,17,50
Collei,20,4,Dendro,Bow,Support,ATK,2108,43,129
Collei,40,4,Dendro,Bow,Support,ATK,4076,83,250
Collei,50,4,Dendro,Bow,Support,ATK,5189,106,318
Collei,60,4,Dendro,Bow,Support,ATK,6448,132,396
Collei,70,4,Dendro,Bow,Support,ATK,7561,154,464
Collei,80,4,Dendro,Bow,Support,ATK,8674,177,532
Collei,90,4,Dendro,Bow,Support,ATK,9787,200,601
Nahida,1,5,Dendro,Catalyst,Sub DPS,Elemental Mastery,807,24,49
Nahida,20,5,Dendro,Catalyst,Sub DPS,Elemental Mastery,2092,61,127
Nahida,40,5,Dendro,Catalyst,Sub DPS,Elemental Mastery,4165,120,253
Nahida,50,5,Dendro,Catalyst,Sub DPS,Elemental Mastery,5357,155,326
Nahida,60,5,Dendro,Catalyst,Sub DPS,Elemental Mastery,6721,194,409
Nahida,70,5,Dendro,Catalyst,Sub DPS,Elemental Mastery,7926,229,482
Nahida,80,5,Dendro,Catalyst,Sub DPS,Elemental Mastery,9140,264,556
Nahida,90,5,Dendro,Catalyst,Sub DPS,Elemental Mastery,10360,299,630
Tighnari,1,5,Dendro,Bow,DPS,Dendro DMG Bonus,845,42,49
Tighnari,20,5,Dendro,Bow,DPS,Dendro DMG Bonus,2191,75,127
Tighnari,40,5,Dendro,Bow,DPS,Dendro DMG Bonus,4362,129,253
Tighnari,50,5,Dendro,Bow,DPS,Dendro DMG Bonus,5611,160,326
Tighnari,60,5,Dendro,Bow,DPS,Dendro DMG Bonus,7038,195,409
Tighnari,70,5,Dendro,Bow,DPS,Dendro DMG Bonus,8301,226,482
Tighnari,80,5,Dendro,Bow,DPS,Dendro DMG Bonus,9573,258,556
Tighnari,90,5,Dendro,Bow,DPS,Dendro DMG Bonus,10850,289,630
Cyno,1,5,Electro,Polearm,DPS,CRIT DMG,972,25,67
Cyno,20,5,Electro,Polearm,DPS,CRIT DMG,2522,64,174
Cyno,40,5,Electro,Polearm,DPS,CRIT DMG,5022,128,345
Cyno,50,5,Electro,Polearm,DPS,CRIT DMG,6459,165,444
Cyno,60,5,Electro,Polearm,DPS,CRIT DMG,8103,207,557
Cyno,70,5,Electro,Polearm,DPS,CRIT DMG,9557,244,657
Cyno,80,5,Electro,Polearm,DPS,CRIT DMG,11020,281,758
Cyno,90,5,Electro,Polearm,DPS,CRIT DMG,12419,318,859
Dori,1,4,Electro,Claymore,Support,HP,1039,19,61
Dori,20,4,Electro,Claymore,Support,HP,2670,48,156
Dori,40,4,Electro,Claymore,Support,HP,5163,93,301
Dori,50,4,Electro,Claymore,Support,HP,6573,118,384
Dori,60,4,Electro,Claymore,Support,HP,8168,147,477
Dori,70,4,Electro,Claymore,Support,HP,9577,173,559
Dori,80,4,Electro,Claymore,Support,HP,10987,198,641
Dori,90,4,Electro,Claymore,Support,HP,15373,223,723
Faruzan,1,4,Anemo,Bow,Support,ATK,802,16,52
Faruzan,20,4,Anemo,Bow,Support,ATK,2061,42,153
Faruzan,40,4,Anemo,Bow,Support,ATK,3985,81,261
Faruzan,50,4,Anemo,Bow,Support,ATK,5074,104,332
Faruzan,60,4,Anemo,Bow,Support,ATK,6304,129,413
Faruzan,70,4,Anemo,Bow,Support,ATK,7392,151,485
Faruzan,80,4,Anemo,Bow,Support,ATK,8481,174,556
Faruzan,90,4,Anemo,Bow,Support,ATK,9569,196,627
Gorou,1,4,Geo,Bow,Support,Geo DMG,802,15,54
Gorou,20,4,Geo,Bow,Support,Geo DMG,2661,51,180
Gorou,40,4,Geo,Bow,Support,Geo DMG,4411,84,299
Gorou,50,4,Geo,Bow,Support,Geo DMG,5642,108,382
Gorou,60,4,Geo,Bow,Support,Geo DMG,6731,128,456
Gorou,70,4,Geo,Bow,Support,Geo DMG,7818,149,530
Gorou,80,4,Geo,Bow,Support,Geo DMG,8907,170,603
Gorou,90,4,Geo,Bow,Support,Geo DMG,9570,183,648
Ayato,1,5,Hydro,Sword,DPS,CRIT DMG,1067,25,59
Ayato,20,5,Hydro,Sword,DPS,CRIT DMG,3685,80,206
Ayato,40,5,Hydro,Sword,DPS,CRIT DMG,6165,134,345
Ayato,50,5,Hydro,Sword,DPS,CRIT DMG,7960,174,446
Ayato,60,5,Hydro,Sword,DPS,CRIT DMG,9548,208,535
Ayato,70,5,Hydro,Sword,DPS,CRIT DMG,11144,243,624
Ayato,80,5,Hydro,Sword,DPS,CRIT DMG,12751,278,715
Ayato,90,5,Hydro,Sword,DPS,CRIT DMG,13715,299,769
Kuki Shinobu,1,4,Electro,Sword,Support,HP,1030,17,62
Kuki Shinobu,20,4,Electro,Sword,Support,HP,3417,59,209
Kuki Shinobu,40,4,Electro,Sword,Support,HP,5665,98,346
Kuki Shinobu,50,4,Electro,Sword,Support,HP,7245,125,443
Kuki Shinobu,60,4,Electro,Sword,Support,HP,8643,149,528
Kuki Shinobu,70,4,Electro,Sword,Support,HP,10040,174,613
Kuki Shinobu,80,4,Electro,Sword,Support,HP,11438,198,699
Kuki Shinobu,90,4,Electro,Sword,Support,HP,12289,212,751
Layla,1,4,Cryo,Sword,Support,HP,930,18,54
Layla,20,4,Cryo,Sword,Support,HP,2389,46,141
Layla,40,4,Cryo,Sword,Support,HP,4619,90,272
Layla,50,4,Cryo,Sword,Support,HP,5881,114,347
Layla,60,4,Cryo,Sword,Support,HP,7307,142,431
Layla,70,4,Cryo,Sword,Support,HP,8568,167,506
Layla,80,4,Cryo,Sword,Support,HP,9830,191,580
Layla,90,4,Cryo,Sword,Support,HP,11092,216,655
Nilou,1,5,Hydro,Sword,DPS,HP,1182,18,57
Nilou,20,5,Hydro,Sword,DPS,HP,3066,47,147
Nilou,40,5,Hydro,Sword,DPS,HP,6105,93,293
Nilou,50,5,Hydro,Sword,DPS,HP,7852,119,377
Nilou,60,5,Hydro,Sword,DPS,HP,9850,149,473
Nilou,70,5,Hydro,Sword,DPS,HP,11618,176,557
Nilou,80,5,Hydro,Sword,DPS,HP,13397,203,643
Nilou,90,5,Hydro,Sword,DPS,HP,15185,230,729
Heizou,1,4,Anemo,Catalyst,DPS,Anemo DMG,893,18,57
Heizou,20,4,Anemo,Catalyst,DPS,Anemo DMG,2962,63,190
Heizou,40,4,Anemo,Catalyst,DPS,Anemo DMG,4913,104,315
Heizou,50,4,Anemo,Catalyst,DPS,Anemo DMG,6283,133,403
Heizou,60,4,Anemo,Catalyst,DPS,Anemo DMG,7495,158,481
Heizou,70,4,Anemo,Catalyst,DPS,Anemo DMG,8707,184,559
Heizou,80,4,Anemo,Catalyst,DPS,Anemo DMG,9919,210,637
Heizou,90,4,Anemo,Catalyst,DPS,Anemo DMG,10657,225,684
Thoma,1,4,Pyro,Polearm,Support,ATK,866,16,62
Thoma,20,4,Pyro,Polearm,Support,ATK,2872,56,209
Thoma,40,4,Pyro,Polearm,Support,ATK,4762,93,346
Thoma,50,4,Pyro,Polearm,Support,ATK,6091,119,443
Thoma,60,4,Pyro,Polearm,Support,ATK,7266,142,528
Thoma,70,4,Pyro,Polearm,Support,ATK,8440,165,613
Thoma,80,4,Pyro,Polearm,Support,ATK,9616,188,699
Thoma,90,4,Pyro,Polearm,Support,ATK,10331,202,751
Wanderer,1,5,Anemo,Catalyst,DPS,CRIT Rate,2052,66,122
Wanderer,20,5,Anemo,Catalyst,DPS,CRIT Rate,2730,88,163
Wanderer,40,5,Anemo,Catalyst,DPS,CRIT Rate,4086,131,244
Wanderer,50,5,Anemo,Catalyst,DPS,CRIT Rate,5256,169,313
Wanderer,60,5,Anemo,Catalyst,DPS,CRIT Rate,6593,212,393
Wanderer,70,5,Anemo,Catalyst,DPS,CRIT Rate,7776,250,464
Wanderer,80,5,Anemo,Catalyst,DPS,CRIT Rate,8967,289,535
Wanderer,90,5,Anemo,Catalyst,DPS,CRIT Rate,10164,327,607
Yae Miko,1,5,Electro,Catalyst,DPS,CRIT Rate,2094,69,114
Yae Miko,20,5,Electro,Catalyst,DPS,CRIT Rate,2787,91,153
Yae Miko,40,5,Electro,Catalyst,DPS,CRIT Rate,4662,153,256
Yae Miko,50,5,Electro,Catalyst,DPS,CRIT Rate,6020,197,330
Yae Miko,60,5,Electro,Catalyst,DPS,CRIT Rate,7220,236,396
Yae Miko,70,5,Electro,Catalyst,DPS,CRIT Rate,8428,276,462
Yae Miko,80,5,Electro,Catalyst,DPS,CRIT Rate,9643,316,529
Yae Miko,90,5,Electro,Catalyst,DPS,CRIT Rate,10372,340,569
Yelan,1,5,Hydro,Bow,Support,CRIT Rate,2918,49,111
Yelan,20,5,Hydro,Bow,Support,CRIT Rate,3883,66,147
Yelan,40,5,Hydro,Bow,Support,CRIT Rate,5810,98,220
Yelan,50,5,Hydro,Bow,Support,CRIT Rate,7472,126,283
Yelan,60,5,Hydro,Bow,Support,CRIT Rate,9374,158,355
Yelan,70,5,Hydro,Bow,Support,CRIT Rate,11056,187,419
Yelan,80,5,Hydro,Bow,Support,CRIT Rate,12749,215,483
Yelan,90,5,Hydro,Bow,Support,CRIT Rate,14450,244,548
Yun Jin,1,4,Geo,Polearm,Support,Energy Recharge,2295,41,158
Yun Jin,20,4,Geo,Polearm,Support,Energy Recharge,2963,53,204
Yun Jin,40,4,Geo,Polearm,Support,Energy Recharge,4913,88,339
Yun Jin,50,4,Geo,Polearm,Support,Energy Recharge,6283,113,433
Yun Jin,60,4,Geo,Polearm,Support,Energy Recharge,7495,134,517
Yun Jin,70,4,Geo,Polearm,Support,Energy Recharge,8707,156,600
Yun Jin,80,4,Geo,Polearm,Support,Energy Recharge,9919,178,684
Yun Jin,90,4,Geo,Polearm,Support,Energy Recharge,10657,191,734
Dehya,1,5,Pyro,Claymore,Sub DPS,HP,1220,20,48
Dehya,20,5,Pyro,Claymore,Sub DPS,HP,4211,71,168
Dehya,40,5,Pyro,Claymore,Sub DPS,HP,6301,106,252
Dehya,50,5,Pyro,Claymore,Sub DPS,HP,8105,137,342
Dehya,60,5,Pyro,Claymore,Sub DPS,HP,10911,184,437
Dehya,70,5,Pyro,Claymore,Sub DPS,HP,12736,215,510
Dehya,80,5,Pyro,Claymore,Sub DPS,HP,13829,234,553
Dehya,90,5,Pyro,Claymore,Sub DPS,HP,15674,265,627
Mika,1,4,Cryo,Polearm,Support,HP,1048,18,59
Mika,20,4,Cryo,Polearm,Support,HP,3477,62,198
Mika,40,4,Cryo,Polearm,Support,HP,5764,102,328
Mika,50,4,Cryo,Polearm,Support,HP,7373,131,420
Mika,60,4,Cryo,Polearm,Support,HP,8795,156,501
Mika,70,4,Cryo,Polearm,Support,HP,10217,182,582
Mika,80,4,Cryo,Polearm,Support,HP,11640,207,663
Mika,90,4,Cryo,Polearm,Support,HP,12506,223,713
Kaveh,1,4,Dendro,Claymore,DPS,Elemental Mastery,1002,19,62
Kaveh,20,4,Dendro,Claymore,DPS,Elemental Mastery,3325,64,208
Kaveh,40,4,Dendro,Claymore,DPS,Elemental Mastery,5514,107,346
Kaveh,50,4,Dendro,Claymore,DPS,Elemental Mastery,7052,137,442
Kaveh,60,4,Dendro,Claymore,DPS,Elemental Mastery,8413,164,528
Kaveh,70,4,Dendro,Claymore,DPS,Elemental Mastery,9773,190,613
Kaveh,80,4,Dendro,Claymore,DPS,Elemental Mastery,11133,217,698
Kaveh,90,4,Dendro,Claymore,DPS,Elemental Mastery,11962,233,750
Baizhu,1,5,Dendro,Catalyst,Support,HP,1039,14,38
Baizhu,20,5,Dendro,Catalyst,Support,HP,3586,51,134
Baizhu,40,5,Dendro,Catalyst,Support,HP,5999,86,224
Baizhu,50,5,Dendro,Catalyst,Support,HP,7746,111,289
Baizhu,60,5,Dendro,Catalyst,Support,HP,9291,134,347
Baizhu,70,5,Dendro,Catalyst,Support,HP,10845,156,405
Baizhu,80,5,Dendro,Catalyst,Support,HP,12409,179,464
Baizhu,90,5,Dendro,Catalyst,Support,HP,13348,192,499